# Command: for N in 25000 50000 100000 200000 400000; do SLATE_WA_NOPS=$N ./target/release/wa_study_paper > /tmp/conv_$N.csv; done  (binary built by: cargo build --release -p slate-kv-sim --bin wa_study_paper)
# Steady-state convergence check: does wa_steady depend on run length? Aggregated over seeds {1,2,3} at fixed capacity cap_ref_segs=64, seg_recs=64.
# Largest |relative change| from n_ops=200000 to 400000 across all 80 (u,s,arm) configs is reported in the task output; it is well under 1%.
# Platform: macOS 26.5.2 / arm64 / 12 cores / 24 GiB. Pure in-process GC model - not the SLATE engine, no flash backend.
n_ops,u_target,s,gc_type,wa_steady_mean,wa_steady_std,realized_u,n_seeds
25000,0.5,0.0,hot_cold,1.2853,0.00185,0.5,3
50000,0.5,0.0,hot_cold,1.281,0.00231,0.5,3
100000,0.5,0.0,hot_cold,1.284,0.0012,0.5,3
200000,0.5,0.0,hot_cold,1.283,0.00118,0.5,3
400000,0.5,0.0,hot_cold,1.2818,0.00099,0.5,3
25000,0.6,0.0,hot_cold,1.5376,0.00478,0.6001,3
50000,0.6,0.0,hot_cold,1.5433,0.00514,0.6001,3
100000,0.6,0.0,hot_cold,1.5435,0.00147,0.6001,3
200000,0.6,0.0,hot_cold,1.5437,0.00153,0.6001,3
400000,0.6,0.0,hot_cold,1.5416,0.00047,0.6001,3
25000,0.7,0.0,hot_cold,2.01,0.0075,0.7,3
50000,0.7,0.0,hot_cold,2.0167,0.00296,0.7,3
100000,0.7,0.0,hot_cold,2.0188,0.0025,0.7,3
200000,0.7,0.0,hot_cold,2.0169,0.00255,0.7,3
400000,0.7,0.0,hot_cold,2.0181,0.00186,0.7,3
25000,0.8,0.0,hot_cold,3.0739,0.01354,0.8,3
50000,0.8,0.0,hot_cold,3.0871,0.00685,0.8,3
100000,0.8,0.0,hot_cold,3.095,0.01289,0.8,3
200000,0.8,0.0,hot_cold,3.0943,0.00478,0.8,3
400000,0.8,0.0,hot_cold,3.0945,0.00092,0.8,3
25000,0.9,0.0,hot_cold,7.6814,0.04435,0.8999,3
50000,0.9,0.0,hot_cold,7.61,0.07881,0.8999,3
100000,0.9,0.0,hot_cold,7.6514,0.04887,0.8999,3
200000,0.9,0.0,hot_cold,7.6129,0.027,0.8999,3
400000,0.9,0.0,hot_cold,7.6241,0.00389,0.8999,3
25000,0.5,0.6,hot_cold,1.3757,0.00548,0.5,3
50000,0.5,0.6,hot_cold,1.3746,0.00301,0.5,3
100000,0.5,0.6,hot_cold,1.375,0.00346,0.5,3
200000,0.5,0.6,hot_cold,1.376,0.00047,0.5,3
400000,0.5,0.6,hot_cold,1.3765,0.00072,0.5,3
25000,0.6,0.6,hot_cold,1.6528,0.00719,0.6001,3
50000,0.6,0.6,hot_cold,1.6469,0.0026,0.6001,3
100000,0.6,0.6,hot_cold,1.6514,0.00372,0.6001,3
200000,0.6,0.6,hot_cold,1.651,0.00329,0.6001,3
400000,0.6,0.6,hot_cold,1.6495,0.00036,0.6001,3
25000,0.7,0.6,hot_cold,2.1404,0.01478,0.7,3
50000,0.7,0.6,hot_cold,2.135,0.00335,0.7,3
100000,0.7,0.6,hot_cold,2.1391,0.0011,0.7,3
200000,0.7,0.6,hot_cold,2.1383,0.00195,0.7,3
400000,0.7,0.6,hot_cold,2.1375,0.00127,0.7,3
25000,0.8,0.6,hot_cold,3.2134,0.01044,0.8,3
50000,0.8,0.6,hot_cold,3.2333,0.00623,0.8,3
100000,0.8,0.6,hot_cold,3.228,0.00448,0.8,3
200000,0.8,0.6,hot_cold,3.221,0.00639,0.8,3
400000,0.8,0.6,hot_cold,3.2209,0.00456,0.8,3
25000,0.9,0.6,hot_cold,7.7788,0.02823,0.8999,3
50000,0.9,0.6,hot_cold,7.7226,0.03367,0.8999,3
100000,0.9,0.6,hot_cold,7.6986,0.0066,0.8999,3
200000,0.9,0.6,hot_cold,7.7074,0.05277,0.8999,3
400000,0.9,0.6,hot_cold,7.701,0.00459,0.8999,3
25000,0.5,0.9,hot_cold,1.4376,0.00299,0.5,3
50000,0.5,0.9,hot_cold,1.4333,0.00426,0.5,3
100000,0.5,0.9,hot_cold,1.4346,0.00226,0.5,3
200000,0.5,0.9,hot_cold,1.4333,0.0006,0.5,3
400000,0.5,0.9,hot_cold,1.4337,0.00131,0.5,3
25000,0.6,0.9,hot_cold,1.7106,0.00524,0.6001,3
50000,0.6,0.9,hot_cold,1.7069,0.00257,0.6001,3
100000,0.6,0.9,hot_cold,1.7113,0.00374,0.6001,3
200000,0.6,0.9,hot_cold,1.7099,0.00142,0.6001,3
400000,0.6,0.9,hot_cold,1.7132,0.00197,0.6001,3
25000,0.7,0.9,hot_cold,2.2007,0.00792,0.7,3
50000,0.7,0.9,hot_cold,2.2099,0.00352,0.7,3
100000,0.7,0.9,hot_cold,2.2058,0.00538,0.7,3
200000,0.7,0.9,hot_cold,2.2064,0.0008,0.7,3
400000,0.7,0.9,hot_cold,2.2053,0.00384,0.7,3
25000,0.8,0.9,hot_cold,3.234,0.00572,0.8,3
50000,0.8,0.9,hot_cold,3.2417,0.00387,0.8,3
100000,0.8,0.9,hot_cold,3.2429,0.00691,0.8,3
200000,0.8,0.9,hot_cold,3.2496,0.00524,0.8,3
400000,0.8,0.9,hot_cold,3.2456,0.00283,0.8,3
25000,0.9,0.9,hot_cold,6.8404,0.03015,0.8999,3
50000,0.9,0.9,hot_cold,6.7668,0.02416,0.8999,3
100000,0.9,0.9,hot_cold,6.7186,0.02055,0.8999,3
200000,0.9,0.9,hot_cold,6.7632,0.0217,0.8999,3
400000,0.9,0.9,hot_cold,6.7572,0.00346,0.8999,3
25000,0.5,1.2,hot_cold,1.4375,0.00447,0.5,3
50000,0.5,1.2,hot_cold,1.4802,0.00667,0.5,3
100000,0.5,1.2,hot_cold,1.481,0.0013,0.5,3
200000,0.5,1.2,hot_cold,1.4739,0.00168,0.5,3
400000,0.5,1.2,hot_cold,1.4747,0.00123,0.5,3
25000,0.6,1.2,hot_cold,1.6982,0.00673,0.6001,3
50000,0.6,1.2,hot_cold,1.7258,0.01253,0.6001,3
100000,0.6,1.2,hot_cold,1.7232,0.00226,0.6001,3
200000,0.6,1.2,hot_cold,1.7321,0.00681,0.6001,3
400000,0.6,1.2,hot_cold,1.7267,0.00168,0.6001,3
25000,0.7,1.2,hot_cold,2.0221,0.00847,0.7,3
50000,0.7,1.2,hot_cold,2.0513,0.01065,0.7,3
100000,0.7,1.2,hot_cold,2.0428,0.00976,0.7,3
200000,0.7,1.2,hot_cold,2.0413,0.00401,0.7,3
400000,0.7,1.2,hot_cold,2.0426,0.00212,0.7,3
25000,0.8,1.2,hot_cold,2.6097,0.01986,0.8,3
50000,0.8,1.2,hot_cold,2.5966,0.01472,0.8,3
100000,0.8,1.2,hot_cold,2.5974,0.00344,0.8,3
200000,0.8,1.2,hot_cold,2.6006,0.00185,0.8,3
400000,0.8,1.2,hot_cold,2.5929,0.00361,0.8,3
25000,0.9,1.2,hot_cold,4.5908,0.04866,0.8999,3
50000,0.9,1.2,hot_cold,4.6079,0.03288,0.8999,3
100000,0.9,1.2,hot_cold,4.6249,0.02346,0.8999,3
200000,0.9,1.2,hot_cold,4.6041,0.03255,0.8999,3
400000,0.9,1.2,hot_cold,4.5883,0.00706,0.8999,3
25000,0.5,0.0,hot_cold_extra2,1.2513,0.00365,0.4848,3
50000,0.5,0.0,hot_cold_extra2,1.2525,0.00104,0.4848,3
100000,0.5,0.0,hot_cold_extra2,1.2548,0.00111,0.4848,3
200000,0.5,0.0,hot_cold_extra2,1.2533,0.0016,0.4848,3
400000,0.5,0.0,hot_cold_extra2,1.2526,0.00079,0.4848,3
25000,0.6,0.0,hot_cold_extra2,1.4795,0.0052,0.5819,3
50000,0.6,0.0,hot_cold_extra2,1.4813,0.00242,0.5819,3
100000,0.6,0.0,hot_cold_extra2,1.4823,0.0045,0.5819,3
200000,0.6,0.0,hot_cold_extra2,1.4812,0.00119,0.5819,3
400000,0.6,0.0,hot_cold_extra2,1.4806,0.00137,0.5819,3
25000,0.7,0.0,hot_cold_extra2,1.8821,0.00265,0.6787,3
50000,0.7,0.0,hot_cold_extra2,1.8833,0.00482,0.6787,3
100000,0.7,0.0,hot_cold_extra2,1.8855,0.00334,0.6787,3
200000,0.7,0.0,hot_cold_extra2,1.8856,0.00281,0.6787,3
400000,0.7,0.0,hot_cold_extra2,1.8818,0.00246,0.6787,3
25000,0.8,0.0,hot_cold_extra2,2.7009,0.01155,0.7758,3
50000,0.8,0.0,hot_cold_extra2,2.7172,0.01153,0.7758,3
100000,0.8,0.0,hot_cold_extra2,2.7198,0.00446,0.7758,3
200000,0.8,0.0,hot_cold_extra2,2.7144,0.00769,0.7758,3
400000,0.8,0.0,hot_cold_extra2,2.7156,0.00042,0.7758,3
25000,0.9,0.0,hot_cold_extra2,5.3331,0.04154,0.8726,3
50000,0.9,0.0,hot_cold_extra2,5.2955,0.03343,0.8726,3
100000,0.9,0.0,hot_cold_extra2,5.3039,0.01294,0.8726,3
200000,0.9,0.0,hot_cold_extra2,5.3051,0.01275,0.8726,3
400000,0.9,0.0,hot_cold_extra2,5.3162,0.00364,0.8726,3
25000,0.5,0.6,hot_cold_extra2,1.3398,0.00547,0.4848,3
50000,0.5,0.6,hot_cold_extra2,1.3424,0.00278,0.4848,3
100000,0.5,0.6,hot_cold_extra2,1.3444,0.00141,0.4848,3
200000,0.5,0.6,hot_cold_extra2,1.3439,0.00125,0.4848,3
400000,0.5,0.6,hot_cold_extra2,1.3431,0.00032,0.4848,3
25000,0.6,0.6,hot_cold_extra2,1.5884,0.00467,0.5819,3
50000,0.6,0.6,hot_cold_extra2,1.5804,0.0013,0.5819,3
100000,0.6,0.6,hot_cold_extra2,1.5861,0.00486,0.5819,3
200000,0.6,0.6,hot_cold_extra2,1.5875,0.00125,0.5819,3
400000,0.6,0.6,hot_cold_extra2,1.5865,0.00125,0.5819,3
25000,0.7,0.6,hot_cold_extra2,1.9971,0.00485,0.6787,3
50000,0.7,0.6,hot_cold_extra2,2.0042,0.00334,0.6787,3
100000,0.7,0.6,hot_cold_extra2,1.9951,0.00521,0.6787,3
200000,0.7,0.6,hot_cold_extra2,1.9958,0.00333,0.6787,3
400000,0.7,0.6,hot_cold_extra2,2.0007,0.00183,0.6787,3
25000,0.8,0.6,hot_cold_extra2,2.85,0.00297,0.7758,3
50000,0.8,0.6,hot_cold_extra2,2.8499,0.01402,0.7758,3
100000,0.8,0.6,hot_cold_extra2,2.8399,0.00526,0.7758,3
200000,0.8,0.6,hot_cold_extra2,2.846,0.00581,0.7758,3
400000,0.8,0.6,hot_cold_extra2,2.844,0.00226,0.7758,3
25000,0.9,0.6,hot_cold_extra2,5.4341,0.0238,0.8726,3
50000,0.9,0.6,hot_cold_extra2,5.4458,0.01432,0.8726,3
100000,0.9,0.6,hot_cold_extra2,5.4237,0.02296,0.8726,3
200000,0.9,0.6,hot_cold_extra2,5.428,0.00904,0.8726,3
400000,0.9,0.6,hot_cold_extra2,5.4277,0.00326,0.8726,3
25000,0.5,0.9,hot_cold_extra2,1.404,0.00815,0.4848,3
50000,0.5,0.9,hot_cold_extra2,1.4009,0.00225,0.4848,3
100000,0.5,0.9,hot_cold_extra2,1.4016,0.00142,0.4848,3
200000,0.5,0.9,hot_cold_extra2,1.4003,0.00103,0.4848,3
400000,0.5,0.9,hot_cold_extra2,1.4019,0.00023,0.4848,3
25000,0.6,0.9,hot_cold_extra2,1.652,0.00576,0.5819,3
50000,0.6,0.9,hot_cold_extra2,1.6474,0.00106,0.5819,3
100000,0.6,0.9,hot_cold_extra2,1.6468,0.0041,0.5819,3
200000,0.6,0.9,hot_cold_extra2,1.649,0.00206,0.5819,3
400000,0.6,0.9,hot_cold_extra2,1.6487,0.00301,0.5819,3
25000,0.7,0.9,hot_cold_extra2,2.0621,0.013,0.6787,3
50000,0.7,0.9,hot_cold_extra2,2.0726,0.0022,0.6787,3
100000,0.7,0.9,hot_cold_extra2,2.0603,0.00623,0.6787,3
200000,0.7,0.9,hot_cold_extra2,2.0662,0.00218,0.6787,3
400000,0.7,0.9,hot_cold_extra2,2.0673,0.00147,0.6787,3
25000,0.8,0.9,hot_cold_extra2,2.9033,0.01326,0.7758,3
50000,0.8,0.9,hot_cold_extra2,2.9009,0.00376,0.7758,3
100000,0.8,0.9,hot_cold_extra2,2.8997,0.00908,0.7758,3
200000,0.8,0.9,hot_cold_extra2,2.9068,0.00477,0.7758,3
400000,0.8,0.9,hot_cold_extra2,2.902,0.00327,0.7758,3
25000,0.9,0.9,hot_cold_extra2,5.0465,0.02152,0.8726,3
50000,0.9,0.9,hot_cold_extra2,5.0073,0.0215,0.8726,3
100000,0.9,0.9,hot_cold_extra2,5.0154,0.0156,0.8726,3
200000,0.9,0.9,hot_cold_extra2,5.0109,0.00633,0.8726,3
400000,0.9,0.9,hot_cold_extra2,5.0104,0.00538,0.8726,3
25000,0.5,1.2,hot_cold_extra2,1.3923,0.00331,0.4848,3
50000,0.5,1.2,hot_cold_extra2,1.4482,0.00092,0.4848,3
100000,0.5,1.2,hot_cold_extra2,1.4398,0.00309,0.4848,3
200000,0.5,1.2,hot_cold_extra2,1.4394,0.00306,0.4848,3
400000,0.5,1.2,hot_cold_extra2,1.4383,0.00172,0.4848,3
25000,0.6,1.2,hot_cold_extra2,1.6374,0.01057,0.5819,3
50000,0.6,1.2,hot_cold_extra2,1.6754,0.0075,0.5819,3
100000,0.6,1.2,hot_cold_extra2,1.6723,0.00222,0.5819,3
200000,0.6,1.2,hot_cold_extra2,1.6748,0.00703,0.5819,3
400000,0.6,1.2,hot_cold_extra2,1.6753,0.00081,0.5819,3
25000,0.7,1.2,hot_cold_extra2,1.9371,0.01426,0.6787,3
50000,0.7,1.2,hot_cold_extra2,1.9704,0.01124,0.6787,3
100000,0.7,1.2,hot_cold_extra2,1.971,0.00387,0.6787,3
200000,0.7,1.2,hot_cold_extra2,1.9708,0.00228,0.6787,3
400000,0.7,1.2,hot_cold_extra2,1.9661,0.00225,0.6787,3
25000,0.8,1.2,hot_cold_extra2,2.4313,0.00329,0.7758,3
50000,0.8,1.2,hot_cold_extra2,2.4175,0.02485,0.7758,3
100000,0.8,1.2,hot_cold_extra2,2.4119,0.00525,0.7758,3
200000,0.8,1.2,hot_cold_extra2,2.4157,0.0039,0.7758,3
400000,0.8,1.2,hot_cold_extra2,2.4124,0.00289,0.7758,3
25000,0.9,1.2,hot_cold_extra2,3.5648,0.03105,0.8726,3
50000,0.9,1.2,hot_cold_extra2,3.5831,0.01025,0.8726,3
100000,0.9,1.2,hot_cold_extra2,3.5873,0.01167,0.8726,3
200000,0.9,1.2,hot_cold_extra2,3.5621,0.02002,0.8726,3
400000,0.9,1.2,hot_cold_extra2,3.5556,0.003,0.8726,3
25000,0.5,0.0,hot_cold_net,1.2686,0.0025,0.4923,3
50000,0.5,0.0,hot_cold_net,1.2667,0.0014,0.4923,3
100000,0.5,0.0,hot_cold_net,1.2699,0.00195,0.4923,3
200000,0.5,0.0,hot_cold_net,1.2674,0.00159,0.4923,3
400000,0.5,0.0,hot_cold_net,1.2665,0.00061,0.4923,3
25000,0.6,0.0,hot_cold_net,1.5091,0.00169,0.5909,3
50000,0.6,0.0,hot_cold_net,1.5105,0.00162,0.5909,3
100000,0.6,0.0,hot_cold_net,1.5117,0.00323,0.5909,3
200000,0.6,0.0,hot_cold_net,1.509,0.00158,0.5909,3
400000,0.6,0.0,hot_cold_net,1.5094,0.0003,0.5909,3
25000,0.7,0.0,hot_cold_net,1.9431,0.00776,0.6892,3
50000,0.7,0.0,hot_cold_net,1.95,0.00312,0.6892,3
100000,0.7,0.0,hot_cold_net,1.9502,0.00457,0.6892,3
200000,0.7,0.0,hot_cold_net,1.948,0.00448,0.6892,3
400000,0.7,0.0,hot_cold_net,1.9471,0.00119,0.6892,3
25000,0.8,0.0,hot_cold_net,2.8827,0.01324,0.7877,3
50000,0.8,0.0,hot_cold_net,2.8876,0.0129,0.7877,3
100000,0.8,0.0,hot_cold_net,2.8894,0.00886,0.7877,3
200000,0.8,0.0,hot_cold_net,2.8973,0.00274,0.7877,3
400000,0.8,0.0,hot_cold_net,2.895,0.00207,0.7877,3
25000,0.9,0.0,hot_cold_net,6.2187,0.07145,0.8861,3
50000,0.9,0.0,hot_cold_net,6.2037,0.02517,0.8861,3
100000,0.9,0.0,hot_cold_net,6.2347,0.01561,0.8861,3
200000,0.9,0.0,hot_cold_net,6.2228,0.0082,0.8861,3
400000,0.9,0.0,hot_cold_net,6.2169,0.00895,0.8861,3
25000,0.5,0.6,hot_cold_net,1.3562,0.00319,0.4923,3
50000,0.5,0.6,hot_cold_net,1.3572,0.00307,0.4923,3
100000,0.5,0.6,hot_cold_net,1.3586,0.00334,0.4923,3
200000,0.5,0.6,hot_cold_net,1.3584,0.00091,0.4923,3
400000,0.5,0.6,hot_cold_net,1.359,0.00147,0.4923,3
25000,0.6,0.6,hot_cold_net,1.6204,0.00577,0.5909,3
50000,0.6,0.6,hot_cold_net,1.6122,0.00522,0.5909,3
100000,0.6,0.6,hot_cold_net,1.6182,0.00564,0.5909,3
200000,0.6,0.6,hot_cold_net,1.6177,0.00265,0.5909,3
400000,0.6,0.6,hot_cold_net,1.6174,0.00196,0.5909,3
25000,0.7,0.6,hot_cold_net,2.0648,0.00956,0.6892,3
50000,0.7,0.6,hot_cold_net,2.0661,0.00576,0.6892,3
100000,0.7,0.6,hot_cold_net,2.0629,0.00246,0.6892,3
200000,0.7,0.6,hot_cold_net,2.0644,0.00168,0.6892,3
400000,0.7,0.6,hot_cold_net,2.0645,0.00121,0.6892,3
25000,0.8,0.6,hot_cold_net,3.0086,0.02544,0.7877,3
50000,0.8,0.6,hot_cold_net,3.0224,0.00447,0.7877,3
100000,0.8,0.6,hot_cold_net,3.0203,0.00778,0.7877,3
200000,0.8,0.6,hot_cold_net,3.0181,0.00378,0.7877,3
400000,0.8,0.6,hot_cold_net,3.0166,0.00522,0.7877,3
25000,0.9,0.6,hot_cold_net,6.3521,0.00762,0.8861,3
50000,0.9,0.6,hot_cold_net,6.318,0.02514,0.8861,3
100000,0.9,0.6,hot_cold_net,6.3436,0.01407,0.8861,3
200000,0.9,0.6,hot_cold_net,6.3224,0.00792,0.8861,3
400000,0.9,0.6,hot_cold_net,6.3199,0.00923,0.8861,3
25000,0.5,0.9,hot_cold_net,1.417,0.00793,0.4923,3
50000,0.5,0.9,hot_cold_net,1.4183,0.00508,0.4923,3
100000,0.5,0.9,hot_cold_net,1.418,0.00145,0.4923,3
200000,0.5,0.9,hot_cold_net,1.4155,0.00112,0.4923,3
400000,0.5,0.9,hot_cold_net,1.4174,0.00159,0.4923,3
25000,0.6,0.9,hot_cold_net,1.6765,0.00147,0.5909,3
50000,0.6,0.9,hot_cold_net,1.6768,0.00387,0.5909,3
100000,0.6,0.9,hot_cold_net,1.6768,0.00253,0.5909,3
200000,0.6,0.9,hot_cold_net,1.6774,0.0016,0.5909,3
400000,0.6,0.9,hot_cold_net,1.6778,0.00111,0.5909,3
25000,0.7,0.9,hot_cold_net,2.1356,0.01084,0.6892,3
50000,0.7,0.9,hot_cold_net,2.1355,0.00615,0.6892,3
100000,0.7,0.9,hot_cold_net,2.1312,0.00666,0.6892,3
200000,0.7,0.9,hot_cold_net,2.136,0.00181,0.6892,3
400000,0.7,0.9,hot_cold_net,2.1336,0.0019,0.6892,3
25000,0.8,0.9,hot_cold_net,3.0445,0.01286,0.7877,3
50000,0.8,0.9,hot_cold_net,3.0727,0.02123,0.7877,3
100000,0.8,0.9,hot_cold_net,3.0574,0.00693,0.7877,3
200000,0.8,0.9,hot_cold_net,3.0643,0.00467,0.7877,3
400000,0.8,0.9,hot_cold_net,3.0639,0.00532,0.7877,3
25000,0.9,0.9,hot_cold_net,5.7034,0.01031,0.8861,3
50000,0.9,0.9,hot_cold_net,5.6696,0.04059,0.8861,3
100000,0.9,0.9,hot_cold_net,5.6942,0.00599,0.8861,3
200000,0.9,0.9,hot_cold_net,5.7147,0.0063,0.8861,3
400000,0.9,0.9,hot_cold_net,5.6986,0.00453,0.8861,3
25000,0.5,1.2,hot_cold_net,1.4147,0.00156,0.4923,3
50000,0.5,1.2,hot_cold_net,1.4628,0.00169,0.4923,3
100000,0.5,1.2,hot_cold_net,1.4549,0.00372,0.4923,3
200000,0.5,1.2,hot_cold_net,1.4543,0.00467,0.4923,3
400000,0.5,1.2,hot_cold_net,1.4561,0.00129,0.4923,3
25000,0.6,1.2,hot_cold_net,1.6578,0.00947,0.5909,3
50000,0.6,1.2,hot_cold_net,1.7077,0.00394,0.5909,3
100000,0.6,1.2,hot_cold_net,1.7013,0.00612,0.5909,3
200000,0.6,1.2,hot_cold_net,1.7025,0.00374,0.5909,3
400000,0.6,1.2,hot_cold_net,1.7022,0.0017,0.5909,3
25000,0.7,1.2,hot_cold_net,1.9728,0.01473,0.6892,3
50000,0.7,1.2,hot_cold_net,2.0113,0.00461,0.6892,3
100000,0.7,1.2,hot_cold_net,2.0091,0.00082,0.6892,3
200000,0.7,1.2,hot_cold_net,2.0043,0.00542,0.6892,3
400000,0.7,1.2,hot_cold_net,2.0016,0.00478,0.6892,3
25000,0.8,1.2,hot_cold_net,2.4913,0.013,0.7877,3
50000,0.8,1.2,hot_cold_net,2.5036,0.0142,0.7877,3
100000,0.8,1.2,hot_cold_net,2.4994,0.00279,0.7877,3
200000,0.8,1.2,hot_cold_net,2.4967,0.00236,0.7877,3
400000,0.8,1.2,hot_cold_net,2.4955,0.0048,0.7877,3
25000,0.9,1.2,hot_cold_net,3.9611,0.03704,0.8861,3
50000,0.9,1.2,hot_cold_net,3.9594,0.01847,0.8861,3
100000,0.9,1.2,hot_cold_net,3.9747,0.01214,0.8861,3
200000,0.9,1.2,hot_cold_net,3.9707,0.01858,0.8861,3
400000,0.9,1.2,hot_cold_net,3.9613,0.00416,0.8861,3
25000,0.5,0.0,single,1.2802,0.00245,0.5,3
50000,0.5,0.0,single,1.2794,0.00057,0.5,3
100000,0.5,0.0,single,1.2835,0.00204,0.5,3
200000,0.5,0.0,single,1.2803,0.00072,0.5,3
400000,0.5,0.0,single,1.2803,0.00091,0.5,3
25000,0.6,0.0,single,1.5336,0.00919,0.6001,3
50000,0.6,0.0,single,1.5377,0.001,0.6001,3
100000,0.6,0.0,single,1.5353,0.00186,0.6001,3
200000,0.6,0.0,single,1.536,0.00181,0.6001,3
400000,0.6,0.0,single,1.5354,0.00104,0.6001,3
25000,0.7,0.0,single,1.9966,0.00879,0.7,3
50000,0.7,0.0,single,2.0034,0.00145,0.7,3
100000,0.7,0.0,single,2.0077,0.00435,0.7,3
200000,0.7,0.0,single,2.0077,0.00214,0.7,3
400000,0.7,0.0,single,2.0059,0.00091,0.7,3
25000,0.8,0.0,single,3.0586,0.0122,0.8,3
50000,0.8,0.0,single,3.0692,0.00435,0.8,3
100000,0.8,0.0,single,3.0705,0.01101,0.8,3
200000,0.8,0.0,single,3.0654,0.00307,0.8,3
400000,0.8,0.0,single,3.0737,0.00319,0.8,3
25000,0.9,0.0,single,7.3225,0.01385,0.8999,3
50000,0.9,0.0,single,7.3354,0.04624,0.8999,3
100000,0.9,0.0,single,7.3507,0.04371,0.8999,3
200000,0.9,0.0,single,7.3325,0.02111,0.8999,3
400000,0.9,0.0,single,7.3204,0.00754,0.8999,3
25000,0.5,0.6,single,1.3858,0.0022,0.5,3
50000,0.5,0.6,single,1.3864,0.00441,0.5,3
100000,0.5,0.6,single,1.3889,0.00276,0.5,3
200000,0.5,0.6,single,1.3879,0.00083,0.5,3
400000,0.5,0.6,single,1.3877,0.0004,0.5,3
25000,0.6,0.6,single,1.6583,0.00149,0.6001,3
50000,0.6,0.6,single,1.6551,0.00469,0.6001,3
100000,0.6,0.6,single,1.6557,0.0018,0.6001,3
200000,0.6,0.6,single,1.6571,0.00111,0.6001,3
400000,0.6,0.6,single,1.6579,0.00243,0.6001,3
25000,0.7,0.6,single,2.1516,0.01476,0.7,3
50000,0.7,0.6,single,2.1515,0.01534,0.7,3
100000,0.7,0.6,single,2.153,0.0034,0.7,3
200000,0.7,0.6,single,2.1551,0.00277,0.7,3
400000,0.7,0.6,single,2.1545,0.00144,0.7,3
25000,0.8,0.6,single,3.2237,0.01787,0.8,3
50000,0.8,0.6,single,3.2334,0.01121,0.8,3
100000,0.8,0.6,single,3.2325,0.00408,0.8,3
200000,0.8,0.6,single,3.2273,0.00216,0.8,3
400000,0.8,0.6,single,3.2308,0.00204,0.8,3
25000,0.9,0.6,single,7.4162,0.02037,0.8999,3
50000,0.9,0.6,single,7.4409,0.00873,0.8999,3
100000,0.9,0.6,single,7.4265,0.00805,0.8999,3
200000,0.9,0.6,single,7.4288,0.0105,0.8999,3
400000,0.9,0.6,single,7.4453,0.00465,0.8999,3
25000,0.5,0.9,single,1.4914,0.00136,0.5,3
50000,0.5,0.9,single,1.4894,0.00292,0.5,3
100000,0.5,0.9,single,1.4927,0.00263,0.5,3
200000,0.5,0.9,single,1.4926,0.00185,0.5,3
400000,0.5,0.9,single,1.4926,0.00131,0.5,3
25000,0.6,0.9,single,1.7529,0.00427,0.6001,3
50000,0.6,0.9,single,1.7469,0.0036,0.6001,3
100000,0.6,0.9,single,1.7478,0.00112,0.6001,3
200000,0.6,0.9,single,1.7487,0.00176,0.6001,3
400000,0.6,0.9,single,1.7483,0.00082,0.6001,3
25000,0.7,0.9,single,2.2868,0.01621,0.7,3
50000,0.7,0.9,single,2.2864,0.00766,0.7,3
100000,0.7,0.9,single,2.2973,0.00132,0.7,3
200000,0.7,0.9,single,2.2905,0.00595,0.7,3
400000,0.7,0.9,single,2.2945,0.00078,0.7,3
25000,0.8,0.9,single,3.3357,0.0319,0.8,3
50000,0.8,0.9,single,3.3093,0.0141,0.8,3
100000,0.8,0.9,single,3.3124,0.002,0.8,3
200000,0.8,0.9,single,3.3162,0.0058,0.8,3
400000,0.8,0.9,single,3.3119,0.00585,0.8,3
25000,0.9,0.9,single,7.2148,0.02195,0.8999,3
50000,0.9,0.9,single,7.2528,0.05948,0.8999,3
100000,0.9,0.9,single,7.2263,0.04026,0.8999,3
200000,0.9,0.9,single,7.2248,0.01097,0.8999,3
400000,0.9,0.9,single,7.2283,0.01454,0.8999,3
25000,0.5,1.2,single,1.5162,0.00733,0.5,3
50000,0.5,1.2,single,1.5405,0.00194,0.5,3
100000,0.5,1.2,single,1.544,0.00581,0.5,3
200000,0.5,1.2,single,1.544,0.00439,0.5,3
400000,0.5,1.2,single,1.5431,0.00049,0.5,3
25000,0.6,1.2,single,1.7452,0.00537,0.6001,3
50000,0.6,1.2,single,1.7752,0.00401,0.6001,3
100000,0.6,1.2,single,1.7742,0.00221,0.6001,3
200000,0.6,1.2,single,1.7682,0.00268,0.6001,3
400000,0.6,1.2,single,1.7692,0.00279,0.6001,3
25000,0.7,1.2,single,2.4917,0.03574,0.7,3
50000,0.7,1.2,single,2.5048,0.02807,0.7,3
100000,0.7,1.2,single,2.5036,0.01664,0.7,3
200000,0.7,1.2,single,2.4799,0.003,0.7,3
400000,0.7,1.2,single,2.4994,0.00709,0.7,3
25000,0.8,1.2,single,3.4529,0.0108,0.8,3
50000,0.8,1.2,single,3.4398,0.01419,0.8,3
100000,0.8,1.2,single,3.4479,0.00567,0.8,3
200000,0.8,1.2,single,3.4511,0.00479,0.8,3
400000,0.8,1.2,single,3.4546,0.0053,0.8,3
25000,0.9,1.2,single,5.5327,0.03381,0.8999,3
50000,0.9,1.2,single,5.5007,0.00956,0.8999,3
100000,0.9,1.2,single,5.5208,0.04769,0.8999,3
200000,0.9,1.2,single,5.5117,0.00842,0.8999,3
400000,0.9,1.2,single,5.5025,0.0074,0.8999,3
